<?xml version="1.0" encoding="UTF-8"?>
<config xmlns="http://www.knime.org/2008/09/XMLConfig" xmlns:xsi="http://www.w3.org/2001/XMLSchema-instance" xsi:schemaLocation="http://www.knime.org/2008/09/XMLConfig http://www.knime.org/XMLConfig_2008_09.xsd" key="model.xml">
<entry key="version" type="xint" value="1"/>
<entry key="class_name" type="xstring" value="org.knime.base.algorithms.outlier.NumericOutliersPortObject"/>
<config key="model">
<entry key="summary" type="xstring" value="Outlier treatment for columns: &quot;ages&quot;, &quot;list_price&quot;, &quot;num_reviews&quot;,  ... &lt;8 more&gt;"/>
<config key="group-col-types">
<entry key="array-size" type="xint" value="0"/>
</config>
<config key="outlier-treatment">
<entry key="outlier-treatment" type="xstring" value="Remove outlier rows"/>
<entry key="replacement-strategy" type="xstring" value="Missing values"/>
<entry key="detection-option" type="xstring" value="All outliers"/>
<entry key="update-domain" type="xboolean" value="false"/>
</config>
<config key="permitted intervals">
<config key="groups">
<entry key="array-size" type="xint" value="0"/>
</config>
<config key="outliers">
<entry key="array-size" type="xint" value="11"/>
<entry key="0" type="xstring" value="ages"/>
<entry key="1" type="xstring" value="list_price"/>
<entry key="2" type="xstring" value="num_reviews"/>
<entry key="3" type="xstring" value="piece_count"/>
<entry key="4" type="xstring" value="play_star_rating"/>
<entry key="5" type="xstring" value="prod_id"/>
<entry key="6" type="xstring" value="review_difficulty"/>
<entry key="7" type="xstring" value="star_rating"/>
<entry key="8" type="xstring" value="theme_name"/>
<entry key="9" type="xstring" value="val_star_rating"/>
<entry key="10" type="xstring" value="country"/>
</config>
<config key="data">
<config key="row0">
<config key="key">
<config key="group-key">
<entry key="array-size" type="xint" value="0"/>
</config>
</config>
<config key="interval-columns">
<config key="interval0">
<entry key="outlier" type="xstring" value="val_star_rating"/>
<config key="interval">
<entry key="array-size" type="xint" value="2"/>
<entry key="0" type="xdouble" value="2.9499999999999997"/>
<entry key="1" type="xdouble" value="5.75"/>
</config>
</config>
<config key="interval1">
<entry key="outlier" type="xstring" value="country"/>
<config key="interval">
<entry key="array-size" type="xint" value="2"/>
<entry key="0" type="xdouble" value="-12.5"/>
<entry key="1" type="xdouble" value="31.5"/>
</config>
</config>
<config key="interval2">
<entry key="outlier" type="xstring" value="piece_count"/>
<config key="interval">
<entry key="array-size" type="xint" value="2"/>
<entry key="0" type="xdouble" value="-573.5"/>
<entry key="1" type="xdouble" value="1214.5"/>
</config>
</config>
<config key="interval3">
<entry key="outlier" type="xstring" value="star_rating"/>
<config key="interval">
<entry key="array-size" type="xint" value="2"/>
<entry key="0" type="xdouble" value="3.2499999999999996"/>
<entry key="1" type="xdouble" value="6.050000000000001"/>
</config>
</config>
<config key="interval4">
<entry key="outlier" type="xstring" value="theme_name"/>
<config key="interval">
<entry key="array-size" type="xint" value="2"/>
<entry key="0" type="xdouble" value="-35.5"/>
<entry key="1" type="xdouble" value="72.5"/>
</config>
</config>
<config key="interval5">
<entry key="outlier" type="xstring" value="ages"/>
<config key="interval">
<entry key="array-size" type="xint" value="2"/>
<entry key="0" type="xdouble" value="-13.5"/>
<entry key="1" type="xdouble" value="30.5"/>
</config>
</config>
<config key="interval6">
<entry key="outlier" type="xstring" value="review_difficulty"/>
<config key="interval">
<entry key="array-size" type="xint" value="2"/>
<entry key="0" type="xdouble" value="-1.5"/>
<entry key="1" type="xdouble" value="2.5"/>
</config>
</config>
<config key="interval7">
<entry key="outlier" type="xstring" value="num_reviews"/>
<config key="interval">
<entry key="array-size" type="xint" value="2"/>
<entry key="0" type="xdouble" value="-14.5"/>
<entry key="1" type="xdouble" value="29.5"/>
</config>
</config>
<config key="interval8">
<entry key="outlier" type="xstring" value="list_price"/>
<config key="interval">
<entry key="array-size" type="xint" value="2"/>
<entry key="0" type="xdouble" value="-55.31330000000001"/>
<entry key="1" type="xdouble" value="145.4955"/>
</config>
</config>
<config key="interval9">
<entry key="outlier" type="xstring" value="play_star_rating"/>
<config key="interval">
<entry key="array-size" type="xint" value="2"/>
<entry key="0" type="xdouble" value="2.8000000000000003"/>
<entry key="1" type="xdouble" value="6.0"/>
</config>
</config>
<config key="interval10">
<entry key="outlier" type="xstring" value="prod_id"/>
<config key="interval">
<entry key="array-size" type="xint" value="2"/>
<entry key="0" type="xdouble" value="-53798.0"/>
<entry key="1" type="xdouble" value="145754.0"/>
</config>
</config>
</config>
</config>
</config>
</config>
</config>
</config>
